{
  "project_info": {
    "project_number": "846706415153",
    "project_id": "lastastrotarot",
    "storage_bucket": "lastastrotarot.firebasestorage.app"
  },
  "client": [
    {
      "client_info": {
        "mobilesdk_app_id": "1:846706415153:android:943d7ba96116715bdf2710",
        "android_client_info": {
          "package_name": "com.example.astrotarot"
        }
      },
      "oauth_client": [],
      "api_key": [
        {
          "current_key": "AIzaSyC_hFQTRljpWvYg5rqA16FFFxkGS-oTjgA"
        }
      ],
      "services": {
        "appinvite_service": {
          "other_platform_oauth_client": []
        }
      }
    }
  ],
  "configuration_version": "1"
}